SCBDP3ZA7BC708499,Visionary optimal neural-net,Scion,FALSE,D1,FALSE,,6,Petrol,100,5,tC,Yellow
5N1CR2MNXEC181212,Networked background initiative,Ford,TRUE,,TRUE,Aviva,8,Diesel,100,5,Econoline E150,Violet
WAUUL98EX8A747315,Reverse-engineered motivating moderator,Buick,FALSE,D5,TRUE,Intact Insurance,6,Diesel,100,5,Park Avenue,Pink
ZHWGU5BZ0CL457896,Multi-lateral content-based customer loyalty,Ford,TRUE,,FALSE,,8,Petrol,100,5,Aerostar,Mauv
WAU4FAFL0AA424617,Persistent fault-tolerant focus group,Suzuki,TRUE,,FALSE,,7,Petrol,100,5,Esteem,Crimson
WAUCFAFH4CN679337,Pre-emptive maximized archive,Rolls-Royce,FALSE,D7,TRUE,Aviva,5,Diesel,100,5,Ghost,Purple
WBA4B1C54FG794331,Integrated stable protocol,Hyundai,TRUE,,FALSE,,5,Petrol,100,5,Tiburon,Indigo
WBASP0C59DC982947,Multi-layered logistical implementation,Mercury,FALSE,D9,FALSE,,6,Petrol,100,5,Villager,Aquamarine
1G4HG5EM4AU530954,Future-proofed hybrid groupware,Acura,FALSE,D4,TRUE,Jevco,4,Diesel,100,5,RSX,Mauv
WAULT58E52A588554,Programmable didactic middleware,Lexus,TRUE,,TRUE,CAA Insurance Company,6,Diesel,100,5,ES,Crimson
